cS,v
0.000035,0.050
0.000065,0.080
0.000085,0.100
0.000125,0.110
0.000315,0.185
0.000635,0.210
0.000955,0.220
0.001275,0.220
